"Variables","VIF"
"Habitat",1.23723438794804
"Mangrove_Dist",2.11794816897638
"Depth",5.01202458353796
"SD_Depth",500.083889555141
"Slope",463.618365882671
"Curvature",2.07520529895856
"Plan_Curve",2.02055631907193
"BPI_Fine",1.24794466727519
"BPI_Broad",2.73615227174792
"Rugosity",3.46538667771925
"Mean_Sum_Temp",1.77351097374408
"Mean_Sum_DO",17.3497539838685
"Mean_Sum_Sal",2.85821971068515
"Mean_Win_Temp",14.3381442023939
"Mean_Win_DO",4.71289076285057
"Mean_Win_Sal",8.57176665553999
