"Variables","VIF"
"Habitat",1.16843086745618
"Mangrove_Dist",1.30364313012659
"Depth",3.00716519970481
"Slope",1.8808850998996
"Curvature",1.10034868519813
"BPI_Fine",1.27481663522943
"BPI_Broad",2.05917421264501
"Rugosity",1.42789807713009
"Mean_Sum_Temp",1.80545282066001
"Mean_Sum_Sal",1.66048167294269
"Mean_Win_Temp",2.22010621292968
"Mean_Win_Sal",2.45090604320488
