"Variables","VIF"
"Habitat",1.24061456036885
"Mangrove_Dist",1.52799899362195
"Depth",5.25224042070229
"SD_Depth",342.068016991741
"Slope",328.5688674101
"Curvature",1.9999895291259
"Plan_Curve",1.8687716362067
"BPI_Fine",1.21259027584631
"BPI_Broad",2.84919936261359
"Rugosity",2.02702987479335
"Sum_Temp",1.43614685411077
"Sum_DO",17.5831209289466
"Sum_Sal",3.27911748359425
"Win_Temp",15.559676422489
"Win_DO",4.6287939444816
"Win_Sal",8.06707753579623
