"Variables","VIF"
"Habitat",1.19072820189738
"Mangrove_Dist",1.35247765559397
"Depth",2.73275944724212
"Depth_St_Dev",681.875439588796
"Slope",640.024424533812
"Curvature",2.50648264411558
"Plan_Curve",2.39523736397334
"BPI_Fine",1.15389627173136
"BPI_Broad",1.72260963460253
"Rugosity",3.66354881819209
"Mean_Sum_Temp",1.8776944416211
"Mean_Sum_DO",6.40934356817445
"Mean_Sum_Sal",2.12169585169702
"Mean_Win_Temp",2.88072057398597
"Mean_Win_DO",3.36154407892269
"Mean_Win_Sal",8.47288326469378
