"Variables","VIF"
"Habitat",1.1856995281678
"Mangrove_Dist",1.34881211761852
"Depth",2.73592465390557
"StDev_Depth",688.048871091794
"Slope",645.255858201772
"Curvature",2.12109509876483
"Plan_Curve",2.16227935121305
"BPI_Fine",1.14512157761259
"BPI_Broad",1.74714197899305
"Rugosity",4.03311360580639
"Mean_Sum_Temp",1.86418337136204
"Mean_Sum_DO",6.3180105782163
"Mean_Sum_Sal",2.08460927654942
"Mean_Win_Temp",2.92121894079568
"Mean_Win_DO",3.15215676393945
"Mean_Win_Sal",8.1509603196805
